<?xml version="1.0" encoding="UTF-8"?><?xml-stylesheet type='text/xsl' href='_UpgradeReport_Files/UpgradeReport.xslt'?><UpgradeLog>
<Properties><Property Name="Solution" Value="Videoclub">
</Property><Property Name="Archivo de la solución" Value="C:\Users\Daniel\Documents\Visual Studio 2010\Projects\Videoclub\Videoclub.sln">
</Property><Property Name="Archivo de opciones de usuario" Value="C:\Users\Daniel\Documents\Visual Studio 2010\Projects\Videoclub\Videoclub.suo">
</Property><Property Name="Date" Value="lunes, 21 de septiembre de 2015">
</Property><Property Name="Time" Value="19:46">
</Property></Properties><Event ErrorLevel="0" Project="" Source="Videoclub.sln" Description="La copia C:\Users\Daniel\Documents\Visual Studio 2010\Projects\Videoclub\Backup\Videoclub.sln del archivo se ha realizado correctamente">
</Event><Event ErrorLevel="0" Project="" Source="Videoclub.suo" Description="La copia C:\Users\Daniel\Documents\Visual Studio 2010\Projects\Videoclub\Backup\Videoclub.suo del archivo se ha realizado correctamente">
</Event><Event ErrorLevel="0" Project="Negocio" Source="Videoclub\Negocio.vbproj" Description="Se realizó correctamente la copia de seguridad del archivo de proyecto C:\Users\Daniel\Documents\Visual Studio 2010\Projects\Videoclub\Backup\Videoclub\Negocio.vbproj">
</Event><Event ErrorLevel="0" Project="Negocio" Source="Videoclub\Negocio.vbproj.user" Description="La copia de seguridad C:\Users\Daniel\Documents\Visual Studio 2010\Projects\Videoclub\Backup\Videoclub\Negocio.vbproj.user del archivo se ha creado correctamente">
</Event><Event ErrorLevel="0" Project="Negocio" Source="Videoclub\Alquiler.vb" Description="Se realizó correctamente la copia de seguridad del archivo C:\Users\Daniel\Documents\Visual Studio 2010\Projects\Videoclub\Backup\Videoclub\Alquiler.vb">
</Event><Event ErrorLevel="0" Project="Negocio" Source="Videoclub\Cliente.vb" Description="Se realizó correctamente la copia de seguridad del archivo C:\Users\Daniel\Documents\Visual Studio 2010\Projects\Videoclub\Backup\Videoclub\Cliente.vb">
</Event><Event ErrorLevel="0" Project="Negocio" Source="Videoclub\My Project\AssemblyInfo.vb" Description="Se realizó correctamente la copia de seguridad del archivo C:\Users\Daniel\Documents\Visual Studio 2010\Projects\Videoclub\Backup\Videoclub\My Project\AssemblyInfo.vb">
</Event><Event ErrorLevel="0" Project="Negocio" Source="Videoclub\My Project\Application.Designer.vb" Description="Se realizó correctamente la copia de seguridad del archivo C:\Users\Daniel\Documents\Visual Studio 2010\Projects\Videoclub\Backup\Videoclub\My Project\Application.Designer.vb">
</Event><Event ErrorLevel="0" Project="Negocio" Source="Videoclub\My Project\Resources.Designer.vb" Description="Se realizó correctamente la copia de seguridad del archivo C:\Users\Daniel\Documents\Visual Studio 2010\Projects\Videoclub\Backup\Videoclub\My Project\Resources.Designer.vb">
</Event><Event ErrorLevel="0" Project="Negocio" Source="Videoclub\My Project\Settings.Designer.vb" Description="Se realizó correctamente la copia de seguridad del archivo C:\Users\Daniel\Documents\Visual Studio 2010\Projects\Videoclub\Backup\Videoclub\My Project\Settings.Designer.vb">
</Event><Event ErrorLevel="0" Project="Negocio" Source="Videoclub\Pelicula.vb" Description="Se realizó correctamente la copia de seguridad del archivo C:\Users\Daniel\Documents\Visual Studio 2010\Projects\Videoclub\Backup\Videoclub\Pelicula.vb">
</Event><Event ErrorLevel="0" Project="Negocio" Source="Videoclub\Referencia.vb" Description="Se realizó correctamente la copia de seguridad del archivo C:\Users\Daniel\Documents\Visual Studio 2010\Projects\Videoclub\Backup\Videoclub\Referencia.vb">
</Event><Event ErrorLevel="0" Project="Negocio" Source="Videoclub\VideoJuego.vb" Description="Se realizó correctamente la copia de seguridad del archivo C:\Users\Daniel\Documents\Visual Studio 2010\Projects\Videoclub\Backup\Videoclub\VideoJuego.vb">
</Event><Event ErrorLevel="0" Project="Negocio" Source="Videoclub\My Project\Application.myapp" Description="Se realizó correctamente la copia de seguridad del archivo C:\Users\Daniel\Documents\Visual Studio 2010\Projects\Videoclub\Backup\Videoclub\My Project\Application.myapp">
</Event><Event ErrorLevel="0" Project="Negocio" Source="Videoclub\My Project\Settings.settings" Description="Se realizó correctamente la copia de seguridad del archivo C:\Users\Daniel\Documents\Visual Studio 2010\Projects\Videoclub\Backup\Videoclub\My Project\Settings.settings">
</Event><Event ErrorLevel="0" Project="Negocio" Source="Videoclub\My Project\Resources.resx" Description="Se realizó correctamente la copia de seguridad del archivo C:\Users\Daniel\Documents\Visual Studio 2010\Projects\Videoclub\Backup\Videoclub\My Project\Resources.resx">
</Event><Event ErrorLevel="0" Project="Negocio" Source="Videoclub\Negocio.vbproj" Description="Proyecto convertido correctamente">
</Event><Event ErrorLevel="3" Project="Negocio" Source="Videoclub\Negocio.vbproj" Description="Converted">
</Event><Event ErrorLevel="0" Project="FrontEnd" Source="FrontEnd\FrontEnd.vbproj" Description="Se realizó correctamente la copia de seguridad del archivo de proyecto C:\Users\Daniel\Documents\Visual Studio 2010\Projects\Videoclub\Backup\FrontEnd\FrontEnd.vbproj">
</Event><Event ErrorLevel="0" Project="FrontEnd" Source="FrontEnd\Module1.vb" Description="Se realizó correctamente la copia de seguridad del archivo C:\Users\Daniel\Documents\Visual Studio 2010\Projects\Videoclub\Backup\FrontEnd\Module1.vb">
</Event><Event ErrorLevel="0" Project="FrontEnd" Source="FrontEnd\My Project\AssemblyInfo.vb" Description="Se realizó correctamente la copia de seguridad del archivo C:\Users\Daniel\Documents\Visual Studio 2010\Projects\Videoclub\Backup\FrontEnd\My Project\AssemblyInfo.vb">
</Event><Event ErrorLevel="0" Project="FrontEnd" Source="FrontEnd\My Project\Application.Designer.vb" Description="Se realizó correctamente la copia de seguridad del archivo C:\Users\Daniel\Documents\Visual Studio 2010\Projects\Videoclub\Backup\FrontEnd\My Project\Application.Designer.vb">
</Event><Event ErrorLevel="0" Project="FrontEnd" Source="FrontEnd\My Project\Resources.Designer.vb" Description="Se realizó correctamente la copia de seguridad del archivo C:\Users\Daniel\Documents\Visual Studio 2010\Projects\Videoclub\Backup\FrontEnd\My Project\Resources.Designer.vb">
</Event><Event ErrorLevel="0" Project="FrontEnd" Source="FrontEnd\My Project\Settings.Designer.vb" Description="Se realizó correctamente la copia de seguridad del archivo C:\Users\Daniel\Documents\Visual Studio 2010\Projects\Videoclub\Backup\FrontEnd\My Project\Settings.Designer.vb">
</Event><Event ErrorLevel="0" Project="FrontEnd" Source="FrontEnd\Operaciones.vb" Description="Se realizó correctamente la copia de seguridad del archivo C:\Users\Daniel\Documents\Visual Studio 2010\Projects\Videoclub\Backup\FrontEnd\Operaciones.vb">
</Event><Event ErrorLevel="0" Project="FrontEnd" Source="FrontEnd\My Project\Application.myapp" Description="Se realizó correctamente la copia de seguridad del archivo C:\Users\Daniel\Documents\Visual Studio 2010\Projects\Videoclub\Backup\FrontEnd\My Project\Application.myapp">
</Event><Event ErrorLevel="0" Project="FrontEnd" Source="FrontEnd\My Project\Settings.settings" Description="Se realizó correctamente la copia de seguridad del archivo C:\Users\Daniel\Documents\Visual Studio 2010\Projects\Videoclub\Backup\FrontEnd\My Project\Settings.settings">
</Event><Event ErrorLevel="0" Project="FrontEnd" Source="FrontEnd\My Project\Resources.resx" Description="Se realizó correctamente la copia de seguridad del archivo C:\Users\Daniel\Documents\Visual Studio 2010\Projects\Videoclub\Backup\FrontEnd\My Project\Resources.resx">
</Event><Event ErrorLevel="0" Project="FrontEnd" Source="FrontEnd\FrontEnd.vbproj" Description="Proyecto convertido correctamente">
</Event><Event ErrorLevel="3" Project="FrontEnd" Source="FrontEnd\FrontEnd.vbproj" Description="Converted">
</Event><Event ErrorLevel="0" Project="" Source="Videoclub.sln" Description="La solución se convirtió correctamente">
</Event><Event ErrorLevel="3" Project="" Source="Videoclub.sln" Description="Converted">
</Event><Event ErrorLevel="0" Project="Negocio" Source="Videoclub\Negocio.vbproj" Description="Examen completo: no es necesario actualizar los archivos de proyecto.">
</Event><Event ErrorLevel="0" Project="FrontEnd" Source="FrontEnd\FrontEnd.vbproj" Description="Examen completo: no es necesario actualizar los archivos de proyecto.">
</Event></UpgradeLog>